operations,punctuation,particularly,less,developed,fall,symbols,grades,including,signs,omissions,speed,reasoning,tables,disturbance,disorders,grammatical,except,operational,add,samples,evidenced,coded,extensive,activities,tests,combination,functional,early,performance,impaired,condition,neurological,chronological,necessary,schoolwork,texts,skills,individuals,steps,perceptual,disorder,essential,characterized,individually,significantly,intelligence,substantially,naming,living,errors,decoding,written,difficulties,deficit,correctly,reading,evaluation,terms,ability,attention,understanding,sensory,objects,groups,excess,observing,silent,compose,c,carried,called,figures,usually,expression,asked,mathematical,tasks,extent,presence,within,number,young,remediation,appropriate,comprehension,learning,sequences,elementary,writing,establish,clustering,given,dyslexia,area,absence,substitutions,iq,distortions,expected,linguistic,assessment,standardized,comparison,child,known,copy,iii,present,case,b,require,spontaneously,paragraph,slowness,concepts,following,handwriting,medical,remembering,associated,calculation,well,general,excessively,numbers,dictation,sentences,education,occur,axis,different,counting,administered,interferes,generally,feature,write,also,recognizing,criterion,copying,test,mathematics,relatively,impairment,arithmetic,accuracy,poor,multiple,may,numerical,problems,falls,compared,multiplication,spelling,measured,achievement,especially,age,children,daily,academic,diagnosis,organization,oral
0,0,0,0,0,0,0,0,0,0,0,0,0,0,0,0,0,0,0,0,0,0,0,0,0,0,0,0,0,0,0,0,0,0,0,0,0,0,0,0,0,1,0,0,0,0,0,0,0,0,0,0,0,0,0,0,1,0,0,0,0,0,0,0,0,0,0,0,0,0,0,0,0,0,0,0,0,0,0,0,0,0,0,0,0,0,0,0,0,0,0,0,0,0,0,0,0,0,0,0,0,0,0,0,0,0,0,0,0,0,0,0,0,0,0,0,0,0,0,0,0,0,0,0,0,0,0,0,0,0,0,0,0,0,0,0,0,0,0,0,0,0,0,0,0,0,0,0,0,0,0,0,0,0,0,0,0,0,0,0,0,0,0,0,0,0,0
0,0,0,0,0,0,0,0,0,0,0,0,0,0,0,0,0,0,0,0,0,0,0,0,0,0,0,0,0,0,0,0,0,0,0,0,0,0,0,0,0,1,0,0,0,0,0,0,0,0,0,0,0,0,0,0,1,0,0,0,0,0,0,0,0,0,0,0,0,0,0,0,0,0,0,0,0,0,0,0,0,0,0,0,0,0,0,0,0,0,0,0,0,0,0,0,0,0,0,0,0,0,0,0,0,0,0,0,0,0,0,0,0,0,0,0,0,0,0,0,0,0,0,0,0,0,0,0,0,0,0,0,0,0,0,0,0,0,0,0,0,0,0,0,0,0,0,0,0,0,0,0,0,0,0,0,0,0,0,0,0,0,0,0,0,0,0
0,0,0,0,0,0,0,0,0,0,1,1,0,0,1,0,0,0,0,0,0,0,1,0,1,1,0,0,0,0,0,1,1,1,0,0,0,1,1,0,0,3,1,2,1,1,1,1,0,1,1,0,0,1,2,0,10,0,0,0,0,0,2,0,0,1,0,1,0,1,0,1,0,1,0,0,0,0,0,0,0,0,0,0,1,2,0,0,0,0,0,0,1,1,0,0,1,0,1,1,0,0,1,0,0,0,0,1,2,0,1,1,0,0,1,0,0,0,1,0,1,0,0,1,0,0,0,0,1,0,1,0,0,1,1,0,1,0,1,0,3,0,0,0,0,0,0,1,0,0,0,0,0,1,0,0,0,2,2,0,2,0,1,1,0,0,2
0,0,0,0,0,0,0,0,0,0,1,1,0,0,1,0,0,0,0,0,0,0,1,0,1,1,0,0,0,0,0,1,1,1,0,0,0,1,1,0,0,3,1,2,1,1,1,1,0,1,1,0,0,1,2,0,10,0,0,0,0,0,2,0,0,1,0,1,0,1,0,1,0,1,0,0,0,0,0,0,0,0,0,0,1,2,0,0,0,0,0,0,1,1,0,0,1,0,1,1,0,0,1,0,0,0,0,1,2,0,1,1,0,0,1,0,0,0,1,0,1,0,0,1,0,0,0,0,1,0,1,0,0,1,1,0,1,0,1,0,3,0,0,0,0,0,0,1,0,0,0,0,0,1,0,0,0,2,2,0,2,0,1,1,0,0,2
0,0,0,0,0,0,0,0,0,0,1,1,0,0,1,0,0,0,0,0,0,0,1,0,1,1,0,0,0,0,0,1,1,1,0,0,0,1,1,0,0,4,1,2,1,1,1,1,0,1,1,0,0,1,2,0,10,0,0,0,0,0,2,0,0,1,0,1,0,1,0,1,0,1,0,0,0,0,0,0,0,0,0,0,1,2,0,0,0,0,0,0,1,1,0,0,1,0,1,1,0,0,1,0,0,0,0,1,2,0,1,1,0,0,1,0,0,0,1,0,1,0,0,1,0,0,0,0,1,0,1,0,0,1,1,0,1,0,1,0,3,0,0,1,0,0,0,1,0,0,0,0,0,1,0,0,0,2,2,0,2,0,1,1,0,0,2
0,0,0,0,0,0,0,0,0,0,1,1,0,0,1,0,0,0,0,0,0,0,1,0,1,1,0,0,0,0,0,1,1,1,0,0,0,1,1,0,0,4,1,2,1,1,1,1,0,1,1,0,0,1,2,0,10,0,0,0,0,0,2,0,0,1,0,1,0,1,0,1,0,1,0,0,0,0,0,0,0,0,0,0,1,2,0,0,0,0,0,0,1,1,0,0,1,0,1,1,0,0,1,0,0,0,0,1,2,0,1,1,0,0,1,0,0,0,1,0,1,0,0,1,0,0,0,0,1,0,1,0,0,1,1,0,1,0,1,0,3,0,0,1,0,0,0,1,0,0,0,0,0,1,0,0,0,2,2,0,2,0,1,1,0,0,2
1,0,0,0,0,0,2,0,1,2,1,1,1,1,2,0,0,0,1,1,0,0,2,0,2,2,0,0,0,0,1,2,2,2,0,0,0,7,1,1,1,6,2,2,2,2,2,2,1,2,1,1,1,2,4,1,11,0,1,2,1,1,4,2,1,2,1,1,0,2,1,1,1,2,0,0,8,0,0,0,0,1,0,0,2,2,1,1,0,0,0,1,1,1,0,0,1,0,1,2,1,0,2,0,0,0,0,2,4,0,2,2,0,0,1,1,1,0,2,1,2,1,0,2,0,2,0,0,2,0,2,1,1,2,2,0,2,0,1,1,6,1,0,4,0,0,1,1,0,0,1,1,1,2,0,1,0,4,3,0,4,0,2,2,0,0,2
1,0,0,0,0,0,2,0,1,2,1,1,1,1,2,0,0,0,1,1,0,0,2,0,2,2,0,0,0,0,1,2,2,2,0,0,0,7,1,1,1,6,2,2,2,2,2,2,1,2,1,1,1,2,4,1,11,0,1,2,1,1,4,2,1,2,1,1,0,2,1,1,1,2,0,0,8,0,0,0,0,1,0,0,2,2,1,1,0,0,0,1,1,1,0,0,1,0,1,2,1,0,2,0,0,0,0,2,4,0,2,2,0,0,1,1,1,0,2,1,2,1,0,2,0,2,0,0,2,0,2,1,1,2,2,0,2,0,1,1,6,1,0,4,0,0,1,1,0,0,1,1,1,2,0,1,0,4,3,0,4,0,2,2,0,0,2
1,0,0,0,0,0,2,0,1,2,1,1,1,1,2,0,0,0,1,1,0,0,2,0,2,2,0,0,0,0,1,2,2,2,0,0,0,7,1,1,1,7,2,2,2,2,2,2,1,2,1,1,2,2,4,1,11,0,1,2,1,1,4,2,1,2,1,1,0,2,1,1,1,2,1,0,8,0,0,0,0,1,0,0,2,2,1,1,0,0,0,1,1,1,0,0,1,0,1,2,1,0,2,0,0,0,0,2,4,0,2,2,0,0,1,1,1,0,2,1,2,1,0,2,0,2,0,0,2,0,2,1,1,2,2,0,2,0,1,1,6,1,0,4,0,0,1,1,0,0,1,1,1,2,0,1,0,4,3,0,4,0,2,2,0,0,2
1,0,0,0,0,0,2,0,1,2,1,1,1,1,2,0,0,0,1,1,0,0,2,0,2,2,0,0,0,0,1,2,2,2,0,0,0,7,1,1,1,7,2,2,2,2,2,2,1,2,1,1,2,2,4,1,11,0,1,2,1,1,4,2,1,2,1,1,0,2,1,1,1,2,1,0,8,0,0,0,0,1,0,0,2,2,1,1,0,0,0,1,1,1,0,0,1,0,1,2,1,0,2,0,0,0,0,2,4,0,2,2,0,0,1,1,1,0,2,1,2,1,0,2,0,2,0,0,2,0,2,1,1,2,2,0,2,0,1,1,6,1,0,4,0,0,1,1,0,0,1,1,1,2,0,1,0,4,3,0,4,0,2,2,0,0,2
1,1,1,2,1,1,2,1,1,2,1,1,1,1,3,2,1,1,1,1,1,1,3,1,3,4,1,1,1,1,1,3,3,3,1,1,1,12,1,1,1,10,3,2,3,3,3,3,1,3,4,1,9,4,6,1,13,1,1,4,1,1,6,2,1,3,1,1,1,3,1,1,1,3,5,1,9,1,1,1,1,1,1,1,3,2,2,1,1,4,1,1,3,1,1,2,1,1,1,4,1,1,4,1,1,1,1,3,6,1,3,4,1,1,1,1,1,2,3,1,3,1,1,3,1,2,1,1,3,1,3,1,1,3,3,2,3,2,1,1,9,1,1,4,1,2,1,1,3,1,3,1,1,2,1,1,3,6,4,1,7,1,3,3,1,1,2
